{
  "BiaNet": {
    "Environment": {
      "Type": "INT",
      "UrlMatomo": "https://matomo-int.devops.safran/"
    },
    "ApiFeatures": {
      "HubForClients": {
        "RedisConnectionString": "dmeu-redis-int.electrical-power.safran",
        "RedisChannelPrefix": "Safran.BIATemplate"
      }
    },
    "EmailConfiguration": {
      "From": "noreply-BIATemplate@safrangroup.com",
      "SmtpHost": "smtp",
      "SmtpPort": 25
    },
    "Authentication": {
      "LdapDomains": [
        {
          "Name": "EU",
          "LdapName": "eu.labinal.snecma",
          "CredentialKeyInWindowsVault": "BIA:LDAP://eu.labinal.snecma",
          "ContainsGroup": true,
          "ContainsUser": true
        },
        {
          "Name": "NA",
          "LdapName": "na.labinal.snecma",
          "CredentialKeyInWindowsVault": "BIA:LDAP://eu.labinal.snecma",
          "ContainsGroup": true,
          "ContainsUser": true
        },
        {
          "Name": "CORP",
          "LdapName": "corp.zodiac.lan",
          "CredentialKeyInWindowsVault": "BIA:LDAP://corp.zodiac.lan",
          "ContainsGroup": true,
          "ContainsUser": true
        },
        {
          "Name": "RD1RF1",
          "LdapName": "rd1.rf1",
          "CredentialKeyInWindowsVault": "BIA:LDAP://rd1.rf1",
          "ContainsGroup": true,
          "ContainsUser": false
        }
      ]
    },
    "Roles": [
      //{
      //  "Label": "User",
      //  "Type": "Fake"
      //},
      //{
      //  "Label": "Admin",
      //  "Type": "Fake"
      //}
      {
        "Label": "User",
        "Type": "Ldap",
        "LdapGroups": [
          {
            "AddUsersOfDomains": [ "CORP", "EU", "NA" ],
            "LdapName": "RD1RF1\\RD1-SEP-DM-APP_BIATemplate_INT_User",
            "Domain": "RD1RF1"
          }
        ]
      },
      {
        "Label": "Admin",
        "Type": "Ldap",
        "LdapGroups": [
          {
            "RecursiveGroupsOfDomains": [ "EU", "RD1RF1" ],
            "LdapName": "RD1RF1\\RD1-SEP-DM-APP_Admin",
            "Domain": "RD1RF1"
          }
        ]
      }
    ]
  }
}