{
  "BiaNet": {
    "Environment": {
      "Type": "PRD",
      "UrlMatomo": "https://matomo.devops.safran/"
    },
    "EmailConfiguration": {
      "From": "noreply-BIATemplate@safrangroup.com",
      "SmtpHost": "smtp",
      "SmtpPort": 25
    },
    "Authentication": {
      "LdapDomains": [
        {
          "Name": "EU",
          "LdapName": "eu.labinal.snecma",
          "CredentialKeyInWindowsVault": "BIA:LDAP://eu.labinal.snecma",
          "ContainsGroup": true,
          "ContainsUser": true
        }
      ]
    },
    "Roles": [
      //{
      //  "Label": "User",
      //  "Type": "Fake"
      //},
      //{
      //  "Label": "Admin",
      //  "Type": "Fake"
      //}
      {
        "Label": "User",
        "Type": "Ldap",
        "LdapGroups": [
          {
            "AddUsersOfDomains": [ "EU" ],
            "LdapName": "EU\\P_LPS_DM_EU_BIATemplate_User",
            "Domain": "EU"
          }
        ]
      },
      {
        "Label": "Admin",
        "Type": "Ldap",
        "LdapGroups": [
          {
            "RecursiveGroupsOfDomains": [ "EU" ],
            "LdapName": "EU\\P_LPS_DM_EU_BIATemplate_Admin",
            "Domain": "EU"
          }
        ]
      }
    ]
  }
}