{
  "BiaNet": {
    "WorkerFeatures": {
      "ClientForHub": {
        "SignalRUrl": "http://localhost/BIATemplate/WebApi/HubForClients"
      }
    },
    "Environment": {
      "Type": "DEV"
    },
    "EmailConfiguration": {
      "From": "noreply-BIATemplate@the-mail-domain.bia",
      "SmtpHost": "127.0.0.1",
      "SmtpPort": 25
    },
    "Authentication": {
      "LdapDomains": [
        {
          "Name": "DOMAIN_BIA_1",
          "LdapName": "the-user-domain1-name.bia",
          "ContainsGroup": true,
          "ContainsUser": true
        },
        {
          "Name": "DOMAIN_BIA_2",
          "LdapName": "the-user-domain2-name.bia",
          "ContainsGroup": true,
          "ContainsUser": true
        }
        //{
        //  "Name": "DOMAIN_BIA_3",
        //  "LdapName": "the-user-domain3-name.bia",
        //  "CredentialKeyInWindowsVault": "BIA:LDAP://the-user-domain3-name.bia",
        //  "ContainsGroup": true,
        //  "ContainsUser": true
        //},
        //{
        //  "Name": "DOMAIN_BIA_SRV",
        //  "LdapName": "the-server-domain-name.bia",
        //  "CredentialKeyInWindowsVault": "BIA:LDAP://the-server-domain-name.bia",
        //  "ContainsGroup": true,
        //  "ContainsUser": false
        //}
      ]
    },
    "Roles": [
      //{
      //  "Label": "Admin",
      //  "Type": "Fake"
      //}
      {
        "Label": "User",
        "Type": "Synchro",
        "LdapGroups": [
          {
            "RecursiveGroupsOfDomains": [ "DOMAIN_BIA_1", "DOMAIN_BIA_2" ],
            "LdapName": "EU\\P_LPS_DM_EU_BIATemplate_User",
            "Domain": "DOMAIN_BIA_1"
          }//,
          //{
          //  "RecursiveGroupsOfDomains": [ "DOMAIN_BIA_3", "DOMAIN_BIA_SRV" ],
          //  "LdapName": "DOMAIN_BIA_SRV\\PREFIX-APP_BIATemplate_INT_User",
          //  "ContainsOnlyUsers": true,
          //  "Domain": "DOMAIN_BIA_SRV"
          //}
        ]
      },
      {
        "Label": "Admin",
        "Type": "Ldap",
        "LdapGroups": [
          {
            "RecursiveGroupsOfDomains": [ "DOMAIN_BIA_1", "DOMAIN_BIA_2" ],
            "LdapName": "EU\\P_LPS_DM_EU_BIATemplate_Admin",
            "Domain": "DOMAIN_BIA_1"
          }
        ]
      }
    ],
    "UserProfile": {
      "url": "http://intdm/DMIndex/UserProfile/GetUserProfile"
    }
  }
}