{
  "BiaNet": {
    "WorkerFeatures": {
      "ClientForHub": {
        "SignalRUrl": "http://localhost/BIATemplate/WebApi/HubForClients"
      }
    },
    "Environment": {
      "Type": "DEV"
    },
    "EmailConfiguration": {
      "From": "noreply-BIATemplate@safrangroup.com",
      "SmtpHost": "127.0.0.1",
      "SmtpPort": 25
    },
    "Authentication": {
      "LdapDomains": [
        {
          "Name": "EU",
          "LdapName": "eu.labinal.snecma",
          "ContainsGroup": true,
          "ContainsUser": true
        },
        {
          "Name": "NA",
          "LdapName": "na.labinal.snecma",
          "ContainsGroup": true,
          "ContainsUser": true
        }
        //{
        //  "Name": "CORP",
        //  "LdapName": "corp.zodiac.lan",
        //  "CredentialKeyInWindowsVault": "BIA:LDAP://corp.zodiac.lan",
        //  "ContainsGroup": true,
        //  "ContainsUser": true
        //},
        //{
        //  "Name": "RD1RF1",
        //  "LdapName": "rd1.rf1",
        //  "CredentialKeyInWindowsVault": "BIA:LDAP://rd1.rf1",
        //  "ContainsGroup": true,
        //  "ContainsUser": false
        //}
      ]
    },
    "Roles": [
      //{
      //  "Label": "Admin",
      //  "Type": "Fake"
      //}
      {
        "Label": "User",
        "Type": "Synchro",
        "LdapGroups": [
          {
            "RecursiveGroupsOfDomains": [ "EU", "NA" ],
            "LdapName": "EU\\P_LPS_DM_EU_BIATemplate_User",
            "Domain": "EU"
          }//,
          //{
          //  "RecursiveGroupsOfDomains": [ "CORP", "RD1RF1" ],
          //  "LdapName": "RD1RF1\\RD1-SEP-DM-APP_BIATemplate_INT_User",
          //  "ContainsOnlyUsers": true,
          //  "Domain": "RD1RF1"
          //}
        ]
      },
      {
        "Label": "Admin",
        "Type": "Ldap",
        "LdapGroups": [
          {
            "RecursiveGroupsOfDomains": [ "EU", "NA" ],
            "LdapName": "EU\\P_LPS_DM_EU_BIATemplate_Admin",
            "Domain": "EU"
          }
        ]
      }
    ],
    "UserProfile": {
      "url": "http://intdm/DMIndex/UserProfile/GetUserProfile"
    }
  }
}