{
  "BiaNet": {
    "WorkerFeatures": {
      "HangfireServer": {
        "IsActive": true,
        "UseDashboard": true,
        "ServerName": "BIATemplate",
        "ConnectionStringName": "BIATemplateDatabase"
      },
      "DistributedCache": {
        "IsActive": true,
        "ConnectionStringName": "BIATemplateDatabase"
      },
      "DatabaseHandler": {
        "IsActive": true
      },
      "ClientForHub": {
        "IsActive": true
      }
    },
    "EmailConfiguration": {
      "From": "noreply-BIATemplate@the-mail-domain.bia",
      "SmtpHost": "smtp",
      "SmtpPort": 25
    },
    "Authentication": {
      "LdapCacheGroupDuration": 20, // in minutes
      "LdapCacheUserDuration": 180 // in minutes
    },
    "Permissions": [
      {
        "Name": "Hangfire_Dashboard",
        "Roles": [ "Admin" ]
      }
    ]
  }
}